--
-- PostgreSQL database dump
--

-- Dumped from database version 12.3
-- Dumped by pg_dump version 12.3

SET statement_timeout = 0;
SET lock_timeout = 0;
SET idle_in_transaction_session_timeout = 0;
SET client_encoding = 'UTF8';
SET standard_conforming_strings = on;
SELECT pg_catalog.set_config('search_path', '', false);
SET check_function_bodies = false;
SET xmloption = content;
SET client_min_messages = warning;
SET row_security = off;

SET default_tablespace = '';

SET default_table_access_method = heap;

--
-- Name: ar_internal_metadata; Type: TABLE; Schema: public; Owner: Dan
--

CREATE TABLE public.ar_internal_metadata (
    key character varying NOT NULL,
    value character varying,
    created_at timestamp without time zone NOT NULL,
    updated_at timestamp without time zone NOT NULL
);


ALTER TABLE public.ar_internal_metadata OWNER TO "Dan";

--
-- Name: products; Type: TABLE; Schema: public; Owner: Dan
--

CREATE TABLE public.products (
    id bigint NOT NULL,
    name character varying,
    cost integer,
    country_of_origin character varying,
    created_at timestamp without time zone NOT NULL,
    updated_at timestamp without time zone NOT NULL
);


ALTER TABLE public.products OWNER TO "Dan";

--
-- Name: products_id_seq; Type: SEQUENCE; Schema: public; Owner: Dan
--

CREATE SEQUENCE public.products_id_seq
    START WITH 1
    INCREMENT BY 1
    NO MINVALUE
    NO MAXVALUE
    CACHE 1;


ALTER TABLE public.products_id_seq OWNER TO "Dan";

--
-- Name: products_id_seq; Type: SEQUENCE OWNED BY; Schema: public; Owner: Dan
--

ALTER SEQUENCE public.products_id_seq OWNED BY public.products.id;


--
-- Name: reviews; Type: TABLE; Schema: public; Owner: Dan
--

CREATE TABLE public.reviews (
    id bigint NOT NULL,
    author character varying,
    content_body character varying,
    rating integer,
    product_id integer,
    created_at timestamp without time zone NOT NULL,
    updated_at timestamp without time zone NOT NULL
);


ALTER TABLE public.reviews OWNER TO "Dan";

--
-- Name: reviews_id_seq; Type: SEQUENCE; Schema: public; Owner: Dan
--

CREATE SEQUENCE public.reviews_id_seq
    START WITH 1
    INCREMENT BY 1
    NO MINVALUE
    NO MAXVALUE
    CACHE 1;


ALTER TABLE public.reviews_id_seq OWNER TO "Dan";

--
-- Name: reviews_id_seq; Type: SEQUENCE OWNED BY; Schema: public; Owner: Dan
--

ALTER SEQUENCE public.reviews_id_seq OWNED BY public.reviews.id;


--
-- Name: schema_migrations; Type: TABLE; Schema: public; Owner: Dan
--

CREATE TABLE public.schema_migrations (
    version character varying NOT NULL
);


ALTER TABLE public.schema_migrations OWNER TO "Dan";

--
-- Name: products id; Type: DEFAULT; Schema: public; Owner: Dan
--

ALTER TABLE ONLY public.products ALTER COLUMN id SET DEFAULT nextval('public.products_id_seq'::regclass);


--
-- Name: reviews id; Type: DEFAULT; Schema: public; Owner: Dan
--

ALTER TABLE ONLY public.reviews ALTER COLUMN id SET DEFAULT nextval('public.reviews_id_seq'::regclass);


--
-- Data for Name: ar_internal_metadata; Type: TABLE DATA; Schema: public; Owner: Dan
--

COPY public.ar_internal_metadata (key, value, created_at, updated_at) FROM stdin;
environment	development	2020-05-29 15:25:44.890153	2020-05-29 15:25:44.890153
\.


--
-- Data for Name: products; Type: TABLE DATA; Schema: public; Owner: Dan
--

COPY public.products (id, name, cost, country_of_origin, created_at, updated_at) FROM stdin;
11	Vegetable Stock	84	Russia	2020-05-29 21:07:17.675305	2020-05-29 21:07:17.675305
12	Sultanas	41	Uruguay	2020-05-29 21:07:17.70388	2020-05-29 21:07:17.70388
13	Harissa	37	Panama	2020-05-29 21:07:17.719942	2020-05-29 21:07:17.719942
14	Loquats	85	Columbia	2020-05-29 21:07:17.736426	2020-05-29 21:07:17.736426
15	Bean Sprouts	87	Belgium	2020-05-29 21:07:17.766813	2020-05-29 21:07:17.766813
16	Lime Leaves	77	Serbia	2020-05-29 21:07:17.782206	2020-05-29 21:07:17.782206
17	Taleggio Cheese	57	Senegal	2020-05-29 21:07:17.797487	2020-05-29 21:07:17.797487
18	Brie	61	Tunisia	2020-05-29 21:07:17.81288	2020-05-29 21:07:17.81288
19	Chicken Stock	36	Croatia	2020-05-29 21:07:17.828258	2020-05-29 21:07:17.828258
20	Cauliflower	6	Tunisia	2020-05-29 21:07:17.844237	2020-05-29 21:07:17.844237
21	Red Wine Vinegar	44	Iceland	2020-05-29 21:07:17.860545	2020-05-29 21:07:17.860545
22	Cabbage	63	Poland	2020-05-29 21:07:17.877007	2020-05-29 21:07:17.877007
23	Oysters	68	Germany	2020-05-29 21:07:17.893363	2020-05-29 21:07:17.893363
25	Besan	90	Nigeria	2020-05-29 21:07:17.926015	2020-05-29 21:07:17.926015
27	Snowpea Sprouts	24	France	2020-05-29 21:07:17.959294	2020-05-29 21:07:17.959294
28	Chia Seeds	74	South Korea	2020-05-29 21:07:17.976062	2020-05-29 21:07:17.976062
29	Tapioca	3	Australia	2020-05-29 21:07:17.992131	2020-05-29 21:07:17.992131
30	Camembert	98	Belgium	2020-05-29 21:07:18.009003	2020-05-29 21:07:18.009003
31	Nashi Pear	98	Senegal	2020-05-29 21:07:18.026097	2020-05-29 21:07:18.026097
32	Melon	64	Russia	2020-05-29 21:07:18.042862	2020-05-29 21:07:18.042862
33	Mung Beans	87	Poland	2020-05-29 21:07:18.05912	2020-05-29 21:07:18.05912
34	Raspberry	1	Germany	2020-05-29 21:07:18.076025	2020-05-29 21:07:18.076025
35	Turnips	39	South Korea	2020-05-29 21:07:18.092556	2020-05-29 21:07:18.092556
36	Tarragon	63	Tunisia	2020-05-29 21:07:18.108875	2020-05-29 21:07:18.108875
37	Quark Quinc	81	Peru	2020-05-29 21:07:18.125703	2020-05-29 21:07:18.125703
38	Vanilla Beans	1	England	2020-05-29 21:07:18.142657	2020-05-29 21:07:18.142657
39	Crabs	96	Tunisia	2020-05-29 21:07:18.159494	2020-05-29 21:07:18.159494
40	Kudzu	88	Argentina	2020-05-29 21:07:18.176038	2020-05-29 21:07:18.176038
41	Farmed Prawns	70	South Korea	2020-05-29 21:07:18.192854	2020-05-29 21:07:18.192854
42	Watermelon	66	Germany	2020-05-29 21:07:18.209318	2020-05-29 21:07:18.209318
43	Mace	89	Costa Rica	2020-05-29 21:07:18.226102	2020-05-29 21:07:18.226102
44	Peppers	79	Brazil	2020-05-29 21:07:18.24306	2020-05-29 21:07:18.24306
45	Pecan Nut	46	Australia	2020-05-29 21:07:18.259244	2020-05-29 21:07:18.259244
46	Cous Cous	61	England	2020-05-29 21:07:18.276259	2020-05-29 21:07:18.276259
47	Vinegar	50	Costa Rica	2020-05-29 21:07:18.29274	2020-05-29 21:07:18.29274
48	Polenta	49	Mexico	2020-05-29 21:07:18.309872	2020-05-29 21:07:18.309872
49	Quinoa	38	Mexico	2020-05-29 21:07:18.326507	2020-05-29 21:07:18.326507
50	Lobster	14	Peru	2020-05-29 21:07:18.343189	2020-05-29 21:07:18.343189
51	Dandelion	47	Spain	2020-05-29 21:07:18.359437	2020-05-29 21:07:18.359437
52	Wholewheat Flour	92	Brazil	2020-05-29 21:07:18.376305	2020-05-29 21:07:18.376305
53	Peaches	21	Serbia	2020-05-29 21:07:18.392941	2020-05-29 21:07:18.392941
54	Cumin	10	Columbia	2020-05-29 21:07:18.431844	2020-05-29 21:07:18.431844
55	Besan	48	Brazil	2020-05-29 21:07:18.450563	2020-05-29 21:07:18.450563
56	Marjoram	98	Saudi Arabia	2020-05-29 21:07:18.466396	2020-05-29 21:07:18.466396
57	Whiting Wild Rice	73	Senegal	2020-05-29 21:07:18.482482	2020-05-29 21:07:18.482482
58	Tuna	25	Spain	2020-05-29 21:07:18.498115	2020-05-29 21:07:18.498115
59	Grape Seed Oil	74	Sweden	2020-05-29 21:07:18.514717	2020-05-29 21:07:18.514717
60	Nashi Pear	56	Uruguay	2020-05-29 21:07:18.531279	2020-05-29 21:07:18.531279
61	Miracle Whip	8	USA	2020-05-29 21:33:51.291323	2020-05-29 21:33:51.291323
26	Pecan Nut	12	Japan	2020-05-29 21:07:17.942668	2020-05-29 21:52:09.717958
\.


--
-- Data for Name: reviews; Type: TABLE DATA; Schema: public; Owner: Dan
--

COPY public.reviews (id, author, content_body, rating, product_id, created_at, updated_at) FROM stdin;
1	Paul McGann	Tempora illo enim qui magnam quia cum fugit quis itaque mollitia est dolores explicabo aperiam	2	11	2020-05-29 21:07:17.689688	2020-05-29 21:07:17.689688
2	Jon Pertwee	Repellendus quia eveniet porro aut nihil voluptas fuga sed blanditiis ullam officiis accusamus rerum odio	3	11	2020-05-29 21:07:17.693246	2020-05-29 21:07:17.693246
3	Christopher Eccleston	Et voluptatibus ea animi perspiciatis qui vel delectus tenetur explicabo repellat et velit ut expedita	3	11	2020-05-29 21:07:17.69616	2020-05-29 21:07:17.69616
4	David Tennant	Sequi doloremque dicta est et enim enim sed facilis quae eum eveniet ex laboriosam sit	5	11	2020-05-29 21:07:17.699049	2020-05-29 21:07:17.699049
5	Colin Baker	Repudiandae enim quas voluptatem quisquam eaque necessitatibus placeat quia cumque odit ullam commodi explicabo modi	5	11	2020-05-29 21:07:17.701798	2020-05-29 21:07:17.701798
6	Matt Smith	Quas quia incidunt nisi consequatur temporibus odio eveniet aut ut vitae sit voluptatem rerum est	1	12	2020-05-29 21:07:17.706638	2020-05-29 21:07:17.706638
7	David Tennant	Officiis distinctio in nostrum consequatur inventore eos sed atque qui laudantium accusamus aut at autem	5	12	2020-05-29 21:07:17.709593	2020-05-29 21:07:17.709593
8	David Tennant	Incidunt veritatis quidem ipsam excepturi ipsa voluptas esse sed consequatur explicabo repellat placeat molestias velit	2	12	2020-05-29 21:07:17.712369	2020-05-29 21:07:17.712369
9	Jodie Whittaker	Dolor aut itaque officiis et voluptatum provident omnis atque debitis aut quod saepe ea laudantium	4	12	2020-05-29 21:07:17.715072	2020-05-29 21:07:17.715072
10	Sylvester McCoy	Qui blanditiis sit quibusdam exercitationem pariatur explicabo aut doloribus repudiandae eum praesentium iure incidunt dolores	1	12	2020-05-29 21:07:17.717859	2020-05-29 21:07:17.717859
11	Christopher Eccleston	Id facilis maiores doloremque quia laborum quaerat sint inventore eos quam qui placeat repellendus ipsa	3	13	2020-05-29 21:07:17.722957	2020-05-29 21:07:17.722957
12	Jon Pertwee	Repellat nobis culpa dicta occaecati velit sunt sit eligendi maiores accusamus molestiae consequatur voluptas non	3	13	2020-05-29 21:07:17.725615	2020-05-29 21:07:17.725615
13	Christopher Eccleston	Asperiores ipsum voluptatem et dolore consequatur fuga saepe fugiat porro ut optio et aliquid quas	3	13	2020-05-29 21:07:17.72833	2020-05-29 21:07:17.72833
14	Colin Baker	Corrupti alias praesentium nisi ea quod ipsa sint molestiae illum et eius ratione autem accusamus	5	13	2020-05-29 21:07:17.731469	2020-05-29 21:07:17.731469
15	Christopher Eccleston	Rerum et vero molestias ut repudiandae libero expedita in et qui ea eos voluptas corrupti	4	13	2020-05-29 21:07:17.734401	2020-05-29 21:07:17.734401
16	David Tennant	Enim quam enim odio sit numquam omnis et doloremque voluptatem ex qui quos id nostrum	3	14	2020-05-29 21:07:17.753421	2020-05-29 21:07:17.753421
17	Jon Pertwee	Maxime laborum est earum omnis perferendis autem dignissimos sapiente voluptatibus dolorem dolores in velit eos	1	14	2020-05-29 21:07:17.756743	2020-05-29 21:07:17.756743
18	Jodie Whittaker	Velit debitis molestiae blanditiis deserunt sed molestias ut est quaerat at quasi quidem unde provident	2	14	2020-05-29 21:07:17.759444	2020-05-29 21:07:17.759444
19	William Hartnell	Tempore aut blanditiis temporibus iste non accusantium ipsa sint non quod at quasi incidunt natus	4	14	2020-05-29 21:07:17.762147	2020-05-29 21:07:17.762147
20	Patrick Troughton	Laborum et nemo alias minima et voluptatibus id rem quisquam architecto ut cumque cum aut	2	14	2020-05-29 21:07:17.764853	2020-05-29 21:07:17.764853
21	William Hartnell	Vel illo aliquam maxime non est quaerat nulla rerum aliquid occaecati impedit voluptatem similique officiis	3	15	2020-05-29 21:07:17.769661	2020-05-29 21:07:17.769661
22	Jon Pertwee	Sapiente ut nobis reiciendis neque tempore quidem atque quasi sed non consequatur similique voluptatem non	3	15	2020-05-29 21:07:17.772489	2020-05-29 21:07:17.772489
23	Tom Baker	Vitae repellendus sapiente alias ratione dolor aut beatae earum id magnam pariatur qui quo eveniet	2	15	2020-05-29 21:07:17.774985	2020-05-29 21:07:17.774985
24	Colin Baker	Sequi modi dolor non sint voluptatum reprehenderit fugiat dolor voluptas non voluptatibus optio consequatur ea	1	15	2020-05-29 21:07:17.777628	2020-05-29 21:07:17.777628
25	Patrick Troughton	Autem nihil exercitationem corrupti id modi architecto eos rerum expedita beatae ipsa cum et ipsum	4	15	2020-05-29 21:07:17.780179	2020-05-29 21:07:17.780179
26	Matt Smith	Delectus voluptas eos labore doloribus harum est voluptatibus corporis ullam soluta autem tenetur aut veritatis	4	16	2020-05-29 21:07:17.784893	2020-05-29 21:07:17.784893
27	Matt Smith	Est fugit qui earum quisquam ut quia ut ut qui tempora expedita omnis quia dolores	2	16	2020-05-29 21:07:17.787642	2020-05-29 21:07:17.787642
28	Jon Pertwee	Quod rerum soluta ea voluptatibus error non expedita earum eaque voluptate esse quis illo molestiae	5	16	2020-05-29 21:07:17.790241	2020-05-29 21:07:17.790241
29	Paul McGann	Est ex unde adipisci occaecati dolorem recusandae iure eaque ut id temporibus ducimus aliquid quod	2	16	2020-05-29 21:07:17.792949	2020-05-29 21:07:17.792949
30	Jodie Whittaker	Non beatae totam enim ipsa necessitatibus est et tenetur esse nihil minus et voluptas tempore	1	16	2020-05-29 21:07:17.795519	2020-05-29 21:07:17.795519
31	Peter Capaldi	Harum accusamus autem dolorem eum ea doloribus modi at consequatur quam magni quidem enim dolorum	1	17	2020-05-29 21:07:17.800253	2020-05-29 21:07:17.800253
32	William Hartnell	Alias commodi quia molestias laboriosam omnis eveniet qui tenetur velit qui et debitis blanditiis reprehenderit	2	17	2020-05-29 21:07:17.80303	2020-05-29 21:07:17.80303
33	David Tennant	Facere ducimus voluptatem reiciendis suscipit consectetur cupiditate impedit consequatur nam sit qui doloribus qui sunt	3	17	2020-05-29 21:07:17.805731	2020-05-29 21:07:17.805731
34	Patrick Troughton	Qui totam est aspernatur soluta architecto inventore voluptas aut sit sed eligendi error repellendus amet	1	17	2020-05-29 21:07:17.808405	2020-05-29 21:07:17.808405
35	Matt Smith	Odit necessitatibus voluptatibus voluptates omnis ut aliquam velit at error atque aliquid exercitationem qui dolor	5	17	2020-05-29 21:07:17.810894	2020-05-29 21:07:17.810894
36	Peter Davison	Aliquam cumque illo esse voluptates commodi sit asperiores hic ut odit porro assumenda modi eligendi	5	18	2020-05-29 21:07:17.815588	2020-05-29 21:07:17.815588
37	Matt Smith	Quisquam voluptas quidem qui et ducimus qui tenetur incidunt ipsa consequatur asperiores doloremque autem repellendus	1	18	2020-05-29 21:07:17.818305	2020-05-29 21:07:17.818305
38	Matt Smith	Fugiat nihil et tenetur dolor non ratione corporis id repellat voluptas odit hic deserunt veniam	5	18	2020-05-29 21:07:17.820873	2020-05-29 21:07:17.820873
39	Matt Smith	Nostrum veritatis et est totam sunt quis ab sed aperiam esse quia nam fugit dicta	1	18	2020-05-29 21:07:17.823474	2020-05-29 21:07:17.823474
40	Christopher Eccleston	Deleniti magni sit cumque voluptas dolorum et laboriosam porro et aperiam dolor nobis error distinctio	1	18	2020-05-29 21:07:17.826154	2020-05-29 21:07:17.826154
41	Jon Pertwee	Facilis odio asperiores delectus nostrum illo laborum et sapiente qui expedita aut nemo nihil est	5	19	2020-05-29 21:07:17.831399	2020-05-29 21:07:17.831399
42	Peter Davison	Corrupti at molestiae est veniam saepe facere cum occaecati quod esse sapiente eum id consequuntur	5	19	2020-05-29 21:07:17.834242	2020-05-29 21:07:17.834242
43	Peter Davison	Fuga voluptas quis sed id vel impedit voluptas error ratione voluptate sed possimus aperiam quo	4	19	2020-05-29 21:07:17.837055	2020-05-29 21:07:17.837055
44	Jon Pertwee	Alias nobis explicabo natus qui velit culpa eos aliquid ut eaque earum et in ad	5	19	2020-05-29 21:07:17.839681	2020-05-29 21:07:17.839681
45	Jon Pertwee	Repellat esse explicabo illo dicta placeat a voluptatem dolor soluta possimus rem voluptates molestiae animi	1	19	2020-05-29 21:07:17.842279	2020-05-29 21:07:17.842279
46	Colin Baker	Earum maxime itaque suscipit aliquid illo eos beatae est tempora in sapiente mollitia quia sequi	4	20	2020-05-29 21:07:17.846967	2020-05-29 21:07:17.846967
47	Sylvester McCoy	Aut animi consectetur voluptates impedit inventore est aut ullam pariatur qui ipsam aperiam ratione natus	5	20	2020-05-29 21:07:17.850018	2020-05-29 21:07:17.850018
48	Tom Baker	Alias voluptatem et labore doloribus fuga ut eligendi blanditiis eos quia magni distinctio mollitia nesciunt	1	20	2020-05-29 21:07:17.852773	2020-05-29 21:07:17.852773
49	William Hartnell	Omnis impedit ducimus tenetur sed consequatur et et earum sed veritatis autem animi eum quo	2	20	2020-05-29 21:07:17.855597	2020-05-29 21:07:17.855597
50	Peter Capaldi	At omnis voluptate accusantium similique nostrum laudantium quis eius veritatis non temporibus nihil necessitatibus suscipit	5	20	2020-05-29 21:07:17.85835	2020-05-29 21:07:17.85835
51	Matt Smith	Occaecati laboriosam dolorem doloremque minima quas est est repellat ut error labore aut sed id	5	21	2020-05-29 21:07:17.863513	2020-05-29 21:07:17.863513
52	Jon Pertwee	Eligendi distinctio impedit beatae enim eum est itaque consequuntur molestias et quisquam saepe aut qui	3	21	2020-05-29 21:07:17.866135	2020-05-29 21:07:17.866135
53	Patrick Troughton	Quae ratione omnis laborum tenetur repudiandae expedita vel ut qui voluptatem ut provident cumque deleniti	5	21	2020-05-29 21:07:17.869132	2020-05-29 21:07:17.869132
54	Patrick Troughton	Repudiandae unde aliquam sit quia et dolorem impedit sapiente aut facere a dolores nobis sed	1	21	2020-05-29 21:07:17.871946	2020-05-29 21:07:17.871946
55	Matt Smith	Officia commodi vel explicabo vel est aliquam sit sint cumque quaerat architecto autem dolorem nihil	1	21	2020-05-29 21:07:17.874788	2020-05-29 21:07:17.874788
56	William Hartnell	Sunt qui pariatur excepturi optio in culpa at tempore et voluptas eaque et explicabo rerum	2	22	2020-05-29 21:07:17.879944	2020-05-29 21:07:17.879944
57	Tom Baker	Et quibusdam neque odit saepe unde debitis distinctio fugit quidem accusantium et corrupti quo non	4	22	2020-05-29 21:07:17.882668	2020-05-29 21:07:17.882668
58	Colin Baker	Eum qui rem a alias nemo sapiente corrupti necessitatibus unde hic est odio sit numquam	4	22	2020-05-29 21:07:17.885423	2020-05-29 21:07:17.885423
59	Sylvester McCoy	Et consectetur cupiditate ex maxime voluptatem labore id voluptatem id quas explicabo nihil maiores quo	3	22	2020-05-29 21:07:17.88838	2020-05-29 21:07:17.88838
60	Peter Davison	Veritatis ut ad et sit rerum sint fuga omnis provident repellat occaecati voluptatem cum nisi	1	22	2020-05-29 21:07:17.89123	2020-05-29 21:07:17.89123
61	Patrick Troughton	Fugiat consequuntur tenetur quia sed quod pariatur repellendus voluptatem ut odio dolores vel voluptas qui	1	23	2020-05-29 21:07:17.89628	2020-05-29 21:07:17.89628
62	Tom Baker	Quibusdam quas ut odit iste vel expedita temporibus dignissimos laborum omnis tenetur rerum omnis aut	4	23	2020-05-29 21:07:17.899122	2020-05-29 21:07:17.899122
63	Patrick Troughton	Similique aliquam voluptas suscipit mollitia nostrum ad corrupti incidunt sed expedita inventore illo aut dolor	1	23	2020-05-29 21:07:17.901957	2020-05-29 21:07:17.901957
64	Peter Capaldi	Aut vero placeat sapiente omnis ut ut similique velit quia doloribus dolor et commodi maiores	5	23	2020-05-29 21:07:17.904732	2020-05-29 21:07:17.904732
65	Jodie Whittaker	Odio voluptatem dolorem placeat aut voluptatibus deserunt est libero sed illo quisquam labore beatae eaque	5	23	2020-05-29 21:07:17.907581	2020-05-29 21:07:17.907581
71	Paul McGann	Saepe labore voluptatem quam et aut tempore est minima excepturi omnis illo veniam eveniet recusandae	2	25	2020-05-29 21:07:17.928963	2020-05-29 21:07:17.928963
72	Paul McGann	Quasi itaque modi culpa adipisci eveniet enim sint reiciendis aut dolore ea id alias soluta	4	25	2020-05-29 21:07:17.931913	2020-05-29 21:07:17.931913
73	William Hartnell	Assumenda nulla explicabo ut natus error et totam labore illum iste cum impedit dolorem quis	1	25	2020-05-29 21:07:17.934784	2020-05-29 21:07:17.934784
74	Jon Pertwee	Quasi quia deleniti non a sed ex aut corporis consequatur officia et aperiam omnis neque	3	25	2020-05-29 21:07:17.937605	2020-05-29 21:07:17.937605
75	Tom Baker	Et ipsum aperiam quae et est nulla veritatis consequatur voluptatem quis fugiat qui deleniti assumenda	1	25	2020-05-29 21:07:17.940501	2020-05-29 21:07:17.940501
76	Paul McGann	Et sequi delectus vel consequatur similique velit est dolorem tenetur recusandae est qui ea vitae	4	26	2020-05-29 21:07:17.94561	2020-05-29 21:07:17.94561
77	Sylvester McCoy	Repellat maiores omnis excepturi consequatur commodi molestias adipisci libero et error assumenda laboriosam enim quo	4	26	2020-05-29 21:07:17.948616	2020-05-29 21:07:17.948616
78	Jodie Whittaker	Placeat voluptate id velit nostrum ab quos labore aperiam neque id dolor officiis perspiciatis dolores	1	26	2020-05-29 21:07:17.951418	2020-05-29 21:07:17.951418
79	Matt Smith	Officiis modi dignissimos corporis repudiandae ut accusantium temporibus magni delectus ullam facilis ut ab eaque	3	26	2020-05-29 21:07:17.954376	2020-05-29 21:07:17.954376
80	Peter Davison	Est ea quia laborum eos deleniti cupiditate et nihil dolorum temporibus ullam voluptatem debitis voluptas	5	26	2020-05-29 21:07:17.957043	2020-05-29 21:07:17.957043
81	Paul McGann	Sunt et quia aut iure rerum autem ea et ducimus beatae aliquam tenetur id dicta	5	27	2020-05-29 21:07:17.96217	2020-05-29 21:07:17.96217
82	Matt Smith	Laudantium quasi ut vel laborum itaque aliquam nobis dolore beatae error quis molestias et eum	3	27	2020-05-29 21:07:17.965151	2020-05-29 21:07:17.965151
83	Sylvester McCoy	Consequatur omnis esse aut consequuntur molestiae cum distinctio voluptatem vel aliquam quasi ducimus quis dignissimos	5	27	2020-05-29 21:07:17.96801	2020-05-29 21:07:17.96801
84	Matt Smith	Adipisci repellendus esse et similique veritatis distinctio aliquid sapiente eveniet est delectus non quibusdam necessitatibus	4	27	2020-05-29 21:07:17.970981	2020-05-29 21:07:17.970981
85	Colin Baker	Inventore harum expedita aut ducimus et quo doloremque nihil dolorem odit suscipit quae debitis soluta	2	27	2020-05-29 21:07:17.973913	2020-05-29 21:07:17.973913
86	Christopher Eccleston	Odit necessitatibus dolor eaque ipsum accusantium autem quae quis eos repellendus qui nisi fugit expedita	1	28	2020-05-29 21:07:17.97889	2020-05-29 21:07:17.97889
87	Jon Pertwee	Aut consectetur ut aut aliquid dolorum officia voluptatibus et ea aspernatur velit blanditiis eum vitae	3	28	2020-05-29 21:07:17.981736	2020-05-29 21:07:17.981736
88	Christopher Eccleston	Corporis quam cum ipsum blanditiis reprehenderit esse ut ea natus ducimus explicabo porro ullam in	3	28	2020-05-29 21:07:17.984347	2020-05-29 21:07:17.984347
89	David Tennant	Soluta provident vel modi quae molestias molestiae ut consequatur voluptatem delectus eos repellendus et in	5	28	2020-05-29 21:07:17.987064	2020-05-29 21:07:17.987064
90	Patrick Troughton	Voluptas officiis est rerum eum non nobis neque aut facilis id voluptate ut sunt dignissimos	4	28	2020-05-29 21:07:17.989913	2020-05-29 21:07:17.989913
91	Sylvester McCoy	Quam praesentium ipsum recusandae quibusdam et odio aut commodi laborum veritatis numquam sunt enim ea	1	29	2020-05-29 21:07:17.995066	2020-05-29 21:07:17.995066
92	Colin Baker	Similique in rerum est voluptate eveniet provident dolor quis accusamus numquam illum asperiores vero veritatis	5	29	2020-05-29 21:07:17.998293	2020-05-29 21:07:17.998293
93	Christopher Eccleston	Minus quis quia quia neque sapiente omnis placeat iusto quidem dolor autem praesentium labore hic	1	29	2020-05-29 21:07:18.001098	2020-05-29 21:07:18.001098
94	Patrick Troughton	Est dignissimos molestias nobis non dolorem quae dolor blanditiis est asperiores beatae et voluptas eos	3	29	2020-05-29 21:07:18.003777	2020-05-29 21:07:18.003777
95	Jodie Whittaker	Consequatur saepe ex repellendus debitis quia repellat eaque occaecati aut dolores sunt in quibusdam et	3	29	2020-05-29 21:07:18.006824	2020-05-29 21:07:18.006824
96	David Tennant	Culpa quasi quos dignissimos illo et consequatur aliquid et ut officia et delectus dolorem atque	3	30	2020-05-29 21:07:18.011806	2020-05-29 21:07:18.011806
97	Peter Capaldi	Omnis totam consequuntur sunt veniam incidunt consequatur odio et aspernatur laboriosam optio et dicta rem	2	30	2020-05-29 21:07:18.01498	2020-05-29 21:07:18.01498
98	Sylvester McCoy	Et non neque enim distinctio corporis qui sint provident itaque autem debitis numquam sed deserunt	5	30	2020-05-29 21:07:18.017928	2020-05-29 21:07:18.017928
99	Peter Davison	Velit et suscipit modi sapiente ea nam atque tempore ut culpa expedita autem sunt quia	2	30	2020-05-29 21:07:18.020792	2020-05-29 21:07:18.020792
100	Paul McGann	Quidem provident aliquid incidunt quo ut non consequatur eos voluptas vel earum sed repellat nostrum	3	30	2020-05-29 21:07:18.023827	2020-05-29 21:07:18.023827
101	Colin Baker	Ut quisquam occaecati sint et aliquam ut quam autem libero magnam facere eos suscipit ea	1	31	2020-05-29 21:07:18.029019	2020-05-29 21:07:18.029019
102	Tom Baker	Reprehenderit ut iure et vel sit quia libero delectus fugit pariatur fuga harum voluptatem aliquid	4	31	2020-05-29 21:07:18.031996	2020-05-29 21:07:18.031996
103	Sylvester McCoy	Voluptatem aut repellendus magnam pariatur quam quis eius aut aliquid autem et rerum eaque fugit	1	31	2020-05-29 21:07:18.034891	2020-05-29 21:07:18.034891
104	Matt Smith	Maiores delectus et numquam rerum dolore in et consequatur nulla non et quo debitis doloribus	2	31	2020-05-29 21:07:18.037779	2020-05-29 21:07:18.037779
105	Jon Pertwee	Quis esse ipsam sed modi velit et quis unde excepturi ut animi sequi commodi magni	1	31	2020-05-29 21:07:18.040717	2020-05-29 21:07:18.040717
106	David Tennant	Quia cumque aut et totam aut asperiores quis dolores velit molestiae qui harum nam ut	5	32	2020-05-29 21:07:18.045636	2020-05-29 21:07:18.045636
107	David Tennant	Vero labore quae et velit id in qui adipisci temporibus tempora eum incidunt enim voluptatibus	3	32	2020-05-29 21:07:18.048548	2020-05-29 21:07:18.048548
108	Colin Baker	Consequuntur vel voluptate eveniet reiciendis beatae ullam accusantium quod commodi est impedit temporibus aut doloribus	3	32	2020-05-29 21:07:18.051426	2020-05-29 21:07:18.051426
109	Christopher Eccleston	Omnis architecto culpa sit vel sed ipsam expedita qui voluptatem eaque neque dolorem labore rerum	5	32	2020-05-29 21:07:18.05427	2020-05-29 21:07:18.05427
110	Peter Davison	Accusantium velit voluptas vero porro vel consectetur et voluptatem aliquid dolor illum nemo et cumque	5	32	2020-05-29 21:07:18.056931	2020-05-29 21:07:18.056931
111	Sylvester McCoy	Alias rerum sed est ullam deserunt ut nihil nobis nulla rem architecto quasi dolores optio	1	33	2020-05-29 21:07:18.06188	2020-05-29 21:07:18.06188
112	Patrick Troughton	Minima nihil praesentium non harum commodi rerum non sint in fugit omnis atque molestias quo	1	33	2020-05-29 21:07:18.065041	2020-05-29 21:07:18.065041
113	Colin Baker	Unde sit nisi voluptas quasi soluta eius atque sunt ut mollitia iste voluptas accusamus commodi	2	33	2020-05-29 21:07:18.067902	2020-05-29 21:07:18.067902
114	Jon Pertwee	Recusandae ut dolores labore quia saepe consectetur necessitatibus eligendi vel harum illum aut fugit quam	4	33	2020-05-29 21:07:18.070924	2020-05-29 21:07:18.070924
115	Paul McGann	Sunt harum aut voluptas est deserunt deleniti omnis hic dolorem sed amet earum minus nihil	3	33	2020-05-29 21:07:18.073851	2020-05-29 21:07:18.073851
116	Patrick Troughton	Aut tenetur aperiam et voluptatibus nemo sed sint officia nobis est autem ut delectus distinctio	4	34	2020-05-29 21:07:18.078956	2020-05-29 21:07:18.078956
117	Colin Baker	Sint odit voluptas et distinctio explicabo quos aliquam ex fugiat qui nihil libero debitis ducimus	3	34	2020-05-29 21:07:18.081844	2020-05-29 21:07:18.081844
118	Peter Davison	Et rem facere aut corrupti culpa et sed magni excepturi omnis veritatis facilis ipsam at	1	34	2020-05-29 21:07:18.084715	2020-05-29 21:07:18.084715
119	Matt Smith	Quas nobis quia dicta quia magnam veritatis nisi consequuntur perspiciatis eos dolorem cumque est voluptatibus	4	34	2020-05-29 21:07:18.087616	2020-05-29 21:07:18.087616
120	Matt Smith	Molestiae veniam qui inventore vero ea et tenetur fuga iusto fugiat enim officia consequuntur ratione	3	34	2020-05-29 21:07:18.090416	2020-05-29 21:07:18.090416
121	David Tennant	Dolores reprehenderit quibusdam iste earum voluptatum cumque vitae consectetur quos ut nulla iure et sit	4	35	2020-05-29 21:07:18.095303	2020-05-29 21:07:18.095303
122	Sylvester McCoy	Autem repellat iste quia nobis asperiores et alias mollitia corporis molestiae quis omnis ut eum	3	35	2020-05-29 21:07:18.098426	2020-05-29 21:07:18.098426
123	Peter Capaldi	Et iure eos in aperiam non quas occaecati dolorem sunt numquam consequatur id molestiae illo	1	35	2020-05-29 21:07:18.10136	2020-05-29 21:07:18.10136
124	Jodie Whittaker	Perspiciatis maiores voluptatum est incidunt ducimus repellat vero delectus repellendus sapiente aperiam consequatur et ut	1	35	2020-05-29 21:07:18.104082	2020-05-29 21:07:18.104082
125	Jon Pertwee	Velit rem perspiciatis ut ut ut quod vitae similique est architecto tenetur et inventore deserunt	3	35	2020-05-29 21:07:18.106722	2020-05-29 21:07:18.106722
126	David Tennant	Aliquid aspernatur voluptatem nisi beatae non et ea molestiae minus et atque itaque ut amet	1	36	2020-05-29 21:07:18.111809	2020-05-29 21:07:18.111809
127	Patrick Troughton	Quia ex blanditiis voluptatibus neque non qui quasi eligendi accusamus fugiat sint doloribus adipisci perferendis	1	36	2020-05-29 21:07:18.114757	2020-05-29 21:07:18.114757
128	Paul McGann	Id enim pariatur repellat quo non eos consequuntur fugit at odio neque occaecati vel quam	5	36	2020-05-29 21:07:18.117648	2020-05-29 21:07:18.117648
129	Christopher Eccleston	Voluptatem quis veritatis velit amet sint neque et ut quidem officiis repellendus iusto adipisci alias	3	36	2020-05-29 21:07:18.12055	2020-05-29 21:07:18.12055
130	Matt Smith	Porro ullam qui enim odio tenetur aut recusandae voluptas perferendis iusto molestiae non nostrum et	5	36	2020-05-29 21:07:18.123532	2020-05-29 21:07:18.123532
131	Patrick Troughton	Esse velit quis enim pariatur odio cupiditate magni voluptatem autem nihil ut aliquid numquam voluptatem	2	37	2020-05-29 21:07:18.128627	2020-05-29 21:07:18.128627
132	Peter Davison	Quaerat quia molestiae quas ut est voluptas quae et nihil odit ut sed incidunt consequatur	1	37	2020-05-29 21:07:18.131652	2020-05-29 21:07:18.131652
133	Matt Smith	Ut vel et voluptates dolor aliquid repellendus rerum unde dolor a porro expedita tempora ipsa	1	37	2020-05-29 21:07:18.134587	2020-05-29 21:07:18.134587
134	Jon Pertwee	Et omnis necessitatibus ut ut minus harum at excepturi aspernatur velit et est dolor quis	5	37	2020-05-29 21:07:18.137571	2020-05-29 21:07:18.137571
135	Sylvester McCoy	Est repellat alias numquam exercitationem nihil vel soluta occaecati non aut non ex officiis quas	5	37	2020-05-29 21:07:18.140453	2020-05-29 21:07:18.140453
136	Paul McGann	Dolores facilis earum quisquam sint possimus aut totam eum eligendi dolorem et voluptatem mollitia quia	3	38	2020-05-29 21:07:18.145511	2020-05-29 21:07:18.145511
137	Peter Capaldi	Vel nemo voluptatem consequatur harum deserunt repudiandae minima vero non fugiat sequi culpa ducimus dignissimos	1	38	2020-05-29 21:07:18.148576	2020-05-29 21:07:18.148576
138	Jon Pertwee	Numquam omnis sint reiciendis distinctio ipsa consectetur itaque quam recusandae at consequuntur consequatur tenetur quis	1	38	2020-05-29 21:07:18.151643	2020-05-29 21:07:18.151643
139	Sylvester McCoy	Non recusandae ipsa fugiat nemo ea dolorem soluta libero sint optio aut sunt quo laborum	3	38	2020-05-29 21:07:18.154441	2020-05-29 21:07:18.154441
140	Matt Smith	Accusantium dolor aut error velit blanditiis quasi sunt id vitae et quis a ex nesciunt	1	38	2020-05-29 21:07:18.157265	2020-05-29 21:07:18.157265
141	Peter Capaldi	Unde qui quo sunt iste doloremque quaerat vero sit deleniti dolor aut minima enim quis	1	39	2020-05-29 21:07:18.162499	2020-05-29 21:07:18.162499
142	Jodie Whittaker	Vel ut sint facilis aliquid saepe dolor dolorem consequatur modi sit maxime molestiae est quos	5	39	2020-05-29 21:07:18.165305	2020-05-29 21:07:18.165305
143	Christopher Eccleston	Fugit aspernatur voluptates ipsum odio praesentium omnis a sint harum et veritatis voluptas qui et	5	39	2020-05-29 21:07:18.168295	2020-05-29 21:07:18.168295
144	Tom Baker	Eveniet ut id sint quo ratione magnam aut debitis minus aspernatur ad sapiente architecto porro	2	39	2020-05-29 21:07:18.171114	2020-05-29 21:07:18.171114
145	Patrick Troughton	At labore aut est rerum minima quia nobis cupiditate sequi quo voluptates ratione ea nihil	5	39	2020-05-29 21:07:18.173807	2020-05-29 21:07:18.173807
146	Colin Baker	Quibusdam est architecto voluptatem quis quia sit enim error veritatis nisi praesentium sed molestias officiis	1	40	2020-05-29 21:07:18.178969	2020-05-29 21:07:18.178969
147	David Tennant	Perferendis unde voluptates molestias ut placeat sunt est perspiciatis quam error excepturi consequatur nostrum in	5	40	2020-05-29 21:07:18.181999	2020-05-29 21:07:18.181999
148	Colin Baker	Praesentium accusamus nostrum sapiente sunt in adipisci placeat fuga sed molestiae aperiam ut aliquid sit	5	40	2020-05-29 21:07:18.184957	2020-05-29 21:07:18.184957
149	Tom Baker	Ut aut blanditiis voluptas provident id vel ipsum ea ipsa debitis dolor qui reiciendis voluptatum	5	40	2020-05-29 21:07:18.187916	2020-05-29 21:07:18.187916
150	William Hartnell	Dolorum quis nam eaque aliquid vero adipisci qui suscipit inventore perferendis dolore quia dolor ipsum	1	40	2020-05-29 21:07:18.190734	2020-05-29 21:07:18.190734
151	Peter Capaldi	Nulla odit est autem nihil reiciendis dolorum rem debitis est et deserunt atque nostrum qui	1	41	2020-05-29 21:07:18.195459	2020-05-29 21:07:18.195459
152	Sylvester McCoy	Deserunt qui blanditiis in vero dolores voluptas ipsam et architecto ipsum alias excepturi non sed	3	41	2020-05-29 21:07:18.198602	2020-05-29 21:07:18.198602
153	William Hartnell	Ea ut corrupti praesentium voluptatum ut nihil non repudiandae delectus odio quia veniam omnis ut	3	41	2020-05-29 21:07:18.201528	2020-05-29 21:07:18.201528
154	Colin Baker	Voluptatem ut consectetur quia praesentium et est repellat aut officia officiis accusamus ut assumenda facilis	3	41	2020-05-29 21:07:18.204471	2020-05-29 21:07:18.204471
155	Paul McGann	Et voluptatum velit eveniet aut iusto ducimus fugiat delectus ratione neque saepe voluptas hic id	3	41	2020-05-29 21:07:18.207155	2020-05-29 21:07:18.207155
156	Colin Baker	Magni omnis qui repellendus temporibus ad at officiis vitae harum aspernatur sequi fugit blanditiis et	1	42	2020-05-29 21:07:18.212124	2020-05-29 21:07:18.212124
157	Matt Smith	Aliquam temporibus distinctio eligendi quae reprehenderit architecto placeat illo hic et expedita vitae ut deleniti	4	42	2020-05-29 21:07:18.215293	2020-05-29 21:07:18.215293
158	Patrick Troughton	Sit eligendi iure incidunt sapiente beatae et rem quia qui autem voluptates molestiae harum cumque	1	42	2020-05-29 21:07:18.218244	2020-05-29 21:07:18.218244
159	William Hartnell	Veritatis eum non quidem molestiae repellat illo maiores id itaque odio ad quos dolorum deserunt	1	42	2020-05-29 21:07:18.221131	2020-05-29 21:07:18.221131
160	Peter Davison	Quia laudantium facere reprehenderit velit quam aperiam similique sit aut eaque omnis dolorem enim in	1	42	2020-05-29 21:07:18.223998	2020-05-29 21:07:18.223998
161	Christopher Eccleston	Est dignissimos facere molestiae fugiat corporis velit perferendis sequi ut odio cupiditate voluptatum ex porro	2	43	2020-05-29 21:07:18.228829	2020-05-29 21:07:18.228829
162	Colin Baker	Ut eveniet architecto laboriosam laudantium magnam sit labore ab dolorum ullam dolor maxime aut assumenda	2	43	2020-05-29 21:07:18.232055	2020-05-29 21:07:18.232055
163	Sylvester McCoy	Nostrum rem voluptas autem voluptatibus iste a cumque beatae sit suscipit neque molestiae nemo ullam	2	43	2020-05-29 21:07:18.235013	2020-05-29 21:07:18.235013
164	Patrick Troughton	Consectetur iste sed praesentium ad possimus quae earum minima est deleniti fugit dolorem enim suscipit	1	43	2020-05-29 21:07:18.238021	2020-05-29 21:07:18.238021
165	Colin Baker	Laborum est doloremque eius reprehenderit sequi voluptas omnis placeat dolor hic illum qui deleniti quia	2	43	2020-05-29 21:07:18.240921	2020-05-29 21:07:18.240921
166	Christopher Eccleston	Nihil alias similique eveniet minima enim quae maxime recusandae iure dolor aut sit quo et	3	44	2020-05-29 21:07:18.245987	2020-05-29 21:07:18.245987
167	William Hartnell	Minima sunt fugiat vitae dolores ut quo beatae aut ut veniam et eos deleniti incidunt	4	44	2020-05-29 21:07:18.24881	2020-05-29 21:07:18.24881
168	Matt Smith	Magni sit occaecati non quos vero quidem dolorum totam consequatur sit vel sed et assumenda	3	44	2020-05-29 21:07:18.25166	2020-05-29 21:07:18.25166
169	Tom Baker	Accusamus est neque consectetur dolor doloribus numquam provident omnis natus repellat quasi sint est atque	1	44	2020-05-29 21:07:18.254373	2020-05-29 21:07:18.254373
170	Peter Davison	Fugiat ullam incidunt accusamus quasi aut voluptas ab nostrum natus assumenda suscipit vel est enim	1	44	2020-05-29 21:07:18.25716	2020-05-29 21:07:18.25716
171	Sylvester McCoy	Ipsum magni molestiae nihil et fugiat eveniet et natus rem sed incidunt deserunt ducimus vero	3	45	2020-05-29 21:07:18.262084	2020-05-29 21:07:18.262084
172	Christopher Eccleston	Commodi est architecto porro molestiae ipsum autem eius ea consectetur suscipit voluptatum quas qui assumenda	1	45	2020-05-29 21:07:18.265192	2020-05-29 21:07:18.265192
173	Colin Baker	Quas voluptatibus quo sunt alias nihil minima ut qui quibusdam natus amet repellendus consequatur molestiae	2	45	2020-05-29 21:07:18.268221	2020-05-29 21:07:18.268221
174	Christopher Eccleston	Non deleniti et perferendis quasi a in doloribus odio voluptas officiis fugit sit hic voluptatem	5	45	2020-05-29 21:07:18.271371	2020-05-29 21:07:18.271371
175	Peter Capaldi	Ab qui eaque excepturi cumque odit quisquam perferendis quidem nulla vitae libero sit vel incidunt	5	45	2020-05-29 21:07:18.274066	2020-05-29 21:07:18.274066
176	David Tennant	Earum nam cumque libero animi eaque voluptatem eveniet magni id quo in aut ad velit	5	46	2020-05-29 21:07:18.279331	2020-05-29 21:07:18.279331
177	Christopher Eccleston	Nesciunt magnam odio et eius iure animi qui facere debitis doloribus itaque ad error doloremque	4	46	2020-05-29 21:07:18.282049	2020-05-29 21:07:18.282049
178	William Hartnell	Dolorem sed velit dolor repellat ad voluptatem consectetur praesentium doloribus ut aspernatur sunt accusamus repudiandae	5	46	2020-05-29 21:07:18.284929	2020-05-29 21:07:18.284929
179	Colin Baker	Consectetur aut et aut ipsa aut provident ut dolorem quod quo iusto impedit et sunt	1	46	2020-05-29 21:07:18.287935	2020-05-29 21:07:18.287935
180	Jodie Whittaker	Sint harum hic et dolorem quod laudantium voluptas praesentium quo porro suscipit laboriosam dolores unde	2	46	2020-05-29 21:07:18.290704	2020-05-29 21:07:18.290704
181	David Tennant	Quo distinctio dolor ex sit nulla nesciunt rem alias architecto magnam aliquid modi aut deserunt	4	47	2020-05-29 21:07:18.295642	2020-05-29 21:07:18.295642
182	Sylvester McCoy	Laboriosam fuga recusandae iusto et at fugit repellat eos similique aliquam aut quaerat temporibus ut	2	47	2020-05-29 21:07:18.298672	2020-05-29 21:07:18.298672
183	Peter Capaldi	Enim et illum quod dignissimos consequuntur molestias magnam inventore totam maxime nihil sed voluptatem recusandae	5	47	2020-05-29 21:07:18.301955	2020-05-29 21:07:18.301955
184	Peter Capaldi	Ut consequatur aut accusamus non quo adipisci sint ut et labore voluptas officia iure dignissimos	2	47	2020-05-29 21:07:18.304647	2020-05-29 21:07:18.304647
185	Tom Baker	Culpa consequatur voluptas et recusandae praesentium in at nesciunt facere officia placeat molestias aliquam et	2	47	2020-05-29 21:07:18.307581	2020-05-29 21:07:18.307581
186	Paul McGann	In reprehenderit voluptas exercitationem placeat id soluta nam labore magni perspiciatis rerum eius nobis non	3	48	2020-05-29 21:07:18.312675	2020-05-29 21:07:18.312675
187	Jon Pertwee	Voluptatibus ut molestiae nam aut iusto earum quia deleniti ratione ipsa distinctio ullam harum excepturi	2	48	2020-05-29 21:07:18.315596	2020-05-29 21:07:18.315596
188	Paul McGann	Vel officiis itaque rem ratione laudantium cum non consequatur quidem ut distinctio et autem et	1	48	2020-05-29 21:07:18.318517	2020-05-29 21:07:18.318517
189	Patrick Troughton	Provident accusantium quis non officiis labore magnam id animi rem fugiat aspernatur qui et est	1	48	2020-05-29 21:07:18.321444	2020-05-29 21:07:18.321444
190	Sylvester McCoy	Repellat assumenda incidunt est alias repudiandae temporibus atque quia rerum dolores debitis libero rem eius	1	48	2020-05-29 21:07:18.324375	2020-05-29 21:07:18.324375
191	Jodie Whittaker	Dolores expedita et omnis consequatur atque quis sed consectetur eius nostrum est nihil sint aliquid	5	49	2020-05-29 21:07:18.329417	2020-05-29 21:07:18.329417
192	Colin Baker	Aliquam perferendis voluptatem et perspiciatis voluptate quod deserunt exercitationem vitae porro eligendi dignissimos voluptatum qui	2	49	2020-05-29 21:07:18.332344	2020-05-29 21:07:18.332344
193	Tom Baker	Placeat ea consequatur corporis commodi quis est adipisci suscipit tempora hic doloribus quas similique quis	2	49	2020-05-29 21:07:18.335222	2020-05-29 21:07:18.335222
194	Peter Capaldi	Facere vero voluptates repellat illo aperiam a magni quisquam consectetur aliquid rerum autem at optio	2	49	2020-05-29 21:07:18.338209	2020-05-29 21:07:18.338209
195	Christopher Eccleston	Ipsam corporis eos magni porro sit vel quae rerum molestias officia et ullam atque doloribus	5	49	2020-05-29 21:07:18.340985	2020-05-29 21:07:18.340985
196	Paul McGann	Reiciendis porro quia ratione vel alias pariatur dolore non est et culpa amet eum quia	3	50	2020-05-29 21:07:18.346065	2020-05-29 21:07:18.346065
197	Sylvester McCoy	Nemo atque vitae aspernatur omnis suscipit nostrum ut distinctio doloribus quod sint et labore beatae	2	50	2020-05-29 21:07:18.348967	2020-05-29 21:07:18.348967
198	Sylvester McCoy	Blanditiis vel exercitationem magnam eius labore assumenda quaerat similique deleniti soluta voluptatem voluptas totam aut	3	50	2020-05-29 21:07:18.351724	2020-05-29 21:07:18.351724
199	Peter Capaldi	Nesciunt blanditiis voluptatem quae aut ab adipisci minus cupiditate quas quis placeat vitae eos sit	4	50	2020-05-29 21:07:18.354544	2020-05-29 21:07:18.354544
200	Paul McGann	Nihil in neque nesciunt et qui ea aspernatur perspiciatis rerum mollitia assumenda praesentium excepturi nisi	3	50	2020-05-29 21:07:18.357257	2020-05-29 21:07:18.357257
201	Jon Pertwee	Animi sunt eos ut sint ut accusamus ea consectetur voluptatem rem pariatur ducimus nemo recusandae	2	51	2020-05-29 21:07:18.362382	2020-05-29 21:07:18.362382
202	David Tennant	Eius illo sit quia qui nemo consequatur voluptatem asperiores voluptas temporibus vero quisquam qui voluptatibus	1	51	2020-05-29 21:07:18.365398	2020-05-29 21:07:18.365398
203	Christopher Eccleston	Eveniet repellendus cum fugiat odio delectus qui ut aspernatur labore placeat et asperiores ut quos	5	51	2020-05-29 21:07:18.368426	2020-05-29 21:07:18.368426
204	William Hartnell	Accusamus alias deserunt eligendi tenetur error distinctio aspernatur molestiae sit officia dolor consequuntur odio est	3	51	2020-05-29 21:07:18.371484	2020-05-29 21:07:18.371484
205	Jon Pertwee	Assumenda perferendis accusamus dolores ratione vero tenetur inventore voluptas quisquam qui illo et error voluptate	5	51	2020-05-29 21:07:18.374277	2020-05-29 21:07:18.374277
206	Colin Baker	Dolor magni exercitationem distinctio laudantium molestiae soluta molestias sapiente earum qui sunt laborum quo nesciunt	4	52	2020-05-29 21:07:18.379132	2020-05-29 21:07:18.379132
207	Tom Baker	Voluptatem nemo eaque quae rerum harum consequatur autem est veniam quas molestias suscipit expedita odit	1	52	2020-05-29 21:07:18.382225	2020-05-29 21:07:18.382225
208	Tom Baker	Occaecati perferendis et aliquam est molestiae laboriosam autem voluptatum aut ad ratione nulla qui unde	2	52	2020-05-29 21:07:18.385117	2020-05-29 21:07:18.385117
209	Paul McGann	Aut ratione soluta architecto accusamus aliquid ipsam ipsa consequatur aperiam quia earum iste deleniti veniam	5	52	2020-05-29 21:07:18.388082	2020-05-29 21:07:18.388082
210	Patrick Troughton	Consectetur alias porro quia illo nostrum numquam sed dolorem eum deserunt repellat sed qui accusantium	3	52	2020-05-29 21:07:18.390759	2020-05-29 21:07:18.390759
211	David Tennant	Iusto est pariatur quasi commodi ut voluptatem iste consequatur soluta corporis nobis aliquam ut placeat	2	53	2020-05-29 21:07:18.41808	2020-05-29 21:07:18.41808
212	Jodie Whittaker	Cumque ducimus labore error quam vel autem omnis aut sed distinctio similique et mollitia ipsa	2	53	2020-05-29 21:07:18.420931	2020-05-29 21:07:18.420931
213	Jon Pertwee	Et harum quo quibusdam aliquid maiores quo modi rerum quasi libero qui quisquam excepturi dolores	4	53	2020-05-29 21:07:18.42369	2020-05-29 21:07:18.42369
214	Matt Smith	Consequatur reprehenderit dolor quia voluptatem iusto doloremque ut sit eos et quaerat animi itaque aliquam	2	53	2020-05-29 21:07:18.426316	2020-05-29 21:07:18.426316
215	Christopher Eccleston	Doloremque est beatae esse aut sed at autem sapiente dignissimos veniam omnis neque consequatur qui	4	53	2020-05-29 21:07:18.428903	2020-05-29 21:07:18.428903
216	Matt Smith	Et qui laudantium aut beatae vero animi non dolor qui quaerat minima rerum quia et	3	54	2020-05-29 21:07:18.435825	2020-05-29 21:07:18.435825
217	David Tennant	Necessitatibus libero voluptatem repellendus earum dolore maiores aut quia eum voluptate provident voluptatem qui optio	4	54	2020-05-29 21:07:18.439703	2020-05-29 21:07:18.439703
218	Patrick Troughton	Quia est voluptas veniam eum minus eaque odio cupiditate cum omnis culpa fuga recusandae voluptas	1	54	2020-05-29 21:07:18.442711	2020-05-29 21:07:18.442711
219	Christopher Eccleston	Voluptate est atque quis amet ut ipsum architecto quia similique necessitatibus qui nesciunt pariatur maiores	1	54	2020-05-29 21:07:18.445403	2020-05-29 21:07:18.445403
220	Colin Baker	Et odio a suscipit ea cumque omnis impedit error quo amet quisquam ipsum neque nemo	3	54	2020-05-29 21:07:18.448354	2020-05-29 21:07:18.448354
221	Patrick Troughton	Enim saepe ut sit velit aperiam voluptas esse et error libero ex excepturi aut repellat	5	55	2020-05-29 21:07:18.453427	2020-05-29 21:07:18.453427
222	Colin Baker	Quas vel aspernatur numquam quia nihil repellat quis animi esse cupiditate voluptatum autem mollitia enim	5	55	2020-05-29 21:07:18.456302	2020-05-29 21:07:18.456302
223	William Hartnell	Aliquid quae earum cum consequatur sit molestiae nemo assumenda consequatur voluptatem odio numquam est maiores	2	55	2020-05-29 21:07:18.459156	2020-05-29 21:07:18.459156
224	Matt Smith	Voluptates libero magni hic accusantium tempore voluptate similique et necessitatibus officiis distinctio voluptatem nostrum molestiae	2	55	2020-05-29 21:07:18.461855	2020-05-29 21:07:18.461855
225	Paul McGann	Eum aut doloribus omnis id est esse sunt molestiae eius debitis aut et ullam dolore	4	55	2020-05-29 21:07:18.464516	2020-05-29 21:07:18.464516
226	Christopher Eccleston	Maiores aspernatur error at voluptatem ullam debitis sed autem rerum cumque voluptas et velit fuga	4	56	2020-05-29 21:07:18.469233	2020-05-29 21:07:18.469233
227	Matt Smith	Ut quos qui vel sunt at et architecto quasi et velit iure officiis dignissimos quo	2	56	2020-05-29 21:07:18.47209	2020-05-29 21:07:18.47209
228	Jodie Whittaker	Et rerum est quod aspernatur inventore laborum eaque quis quam consequatur nobis nihil illo labore	1	56	2020-05-29 21:07:18.474813	2020-05-29 21:07:18.474813
229	William Hartnell	Fugiat porro quae est sed molestiae temporibus inventore rerum laboriosam et qui eaque quis consectetur	4	56	2020-05-29 21:07:18.477641	2020-05-29 21:07:18.477641
230	Patrick Troughton	Culpa aut a dolor labore consequuntur ullam quasi perferendis reprehenderit similique eaque veniam porro eos	1	56	2020-05-29 21:07:18.480411	2020-05-29 21:07:18.480411
231	David Tennant	Ut est ut qui sequi repellendus necessitatibus at voluptas repellat nostrum quae aut qui doloremque	5	57	2020-05-29 21:07:18.48523	2020-05-29 21:07:18.48523
232	Sylvester McCoy	Maiores quae beatae consequatur aliquid ipsum sint dolorem mollitia et sunt nisi ut velit consectetur	2	57	2020-05-29 21:07:18.488137	2020-05-29 21:07:18.488137
233	Peter Davison	Nulla qui voluptatem accusamus velit maiores aut cum quia aut corrupti tempora autem omnis dolore	2	57	2020-05-29 21:07:18.490882	2020-05-29 21:07:18.490882
234	Sylvester McCoy	Sunt odit dolorum facilis fugit blanditiis incidunt maxime consequatur ratione magni illo qui ut esse	4	57	2020-05-29 21:07:18.493455	2020-05-29 21:07:18.493455
235	David Tennant	Et iste error molestiae maiores quia nobis natus ut quod doloribus possimus voluptatem inventore autem	4	57	2020-05-29 21:07:18.496167	2020-05-29 21:07:18.496167
236	Peter Davison	Nihil sapiente non itaque maxime ut autem nobis pariatur illo accusamus nisi modi eos ducimus	5	58	2020-05-29 21:07:18.500712	2020-05-29 21:07:18.500712
237	William Hartnell	Natus magni repellendus aut hic itaque labore incidunt consequatur molestias ut aut quia fuga odit	4	58	2020-05-29 21:07:18.503572	2020-05-29 21:07:18.503572
238	Tom Baker	Animi eos rerum illo laboriosam omnis dolores atque aut sequi illum accusantium inventore quia qui	2	58	2020-05-29 21:07:18.506408	2020-05-29 21:07:18.506408
239	Peter Davison	Rerum voluptas tenetur est est necessitatibus voluptatum qui repellendus non accusantium et quisquam animi unde	3	58	2020-05-29 21:07:18.50942	2020-05-29 21:07:18.50942
240	Tom Baker	Iste quae tenetur eos et omnis qui quo inventore ut perspiciatis voluptatum quidem aspernatur quas	4	58	2020-05-29 21:07:18.512578	2020-05-29 21:07:18.512578
241	Jodie Whittaker	Enim aliquam deleniti ex et earum aperiam rerum similique sed sunt rerum nam debitis ea	1	59	2020-05-29 21:07:18.517598	2020-05-29 21:07:18.517598
242	David Tennant	Nemo et fugiat quae aut ea et dolores officia ex earum error consectetur suscipit est	3	59	2020-05-29 21:07:18.520614	2020-05-29 21:07:18.520614
243	Matt Smith	Impedit ratione aut aut ut odio molestiae officia fugit aspernatur quis quia ut quas illo	3	59	2020-05-29 21:07:18.523651	2020-05-29 21:07:18.523651
244	Peter Capaldi	Officiis non id occaecati necessitatibus mollitia sint qui reiciendis facere voluptas amet repudiandae aut saepe	3	59	2020-05-29 21:07:18.526474	2020-05-29 21:07:18.526474
245	Jodie Whittaker	Sunt aperiam dolor omnis ea natus est optio sint numquam possimus iste non accusantium deserunt	5	59	2020-05-29 21:07:18.529094	2020-05-29 21:07:18.529094
246	David Tennant	Harum error esse delectus dolor et ipsam blanditiis minus eaque molestias deleniti veniam dolore quidem	3	60	2020-05-29 21:07:18.533856	2020-05-29 21:07:18.533856
247	Matt Smith	Consectetur aut facilis aliquam voluptas expedita accusamus rerum consequatur deleniti sunt beatae rerum quo mollitia	1	60	2020-05-29 21:07:18.536553	2020-05-29 21:07:18.536553
248	Matt Smith	Occaecati porro et qui perferendis eum aliquam nisi suscipit sequi amet quaerat hic reprehenderit aut	3	60	2020-05-29 21:07:18.539342	2020-05-29 21:07:18.539342
249	Paul McGann	Iure quod molestiae officiis tenetur magni velit molestiae iste culpa repellendus odio ad et quia	1	60	2020-05-29 21:07:18.541866	2020-05-29 21:07:18.541866
250	Jodie Whittaker	Fugit corrupti porro neque sit quia et nihil tempore non magnam alias qui necessitatibus mollitia	3	60	2020-05-29 21:07:18.544486	2020-05-29 21:07:18.544486
251	Tom Jones	Non recusandae ipsa fugiat nemo ea dolorem soluta libero sint optio aut sunt quo laborum	3	61	2020-05-29 23:44:06.539848	2020-05-29 23:44:06.539848
252	Tom Jones	Tempora illo enim qui magnam quia cum fugit quis itaque mollitia est dolores explicabo aperiam	3	61	2020-05-29 23:48:30.85739	2020-05-29 23:48:30.85739
\.


--
-- Data for Name: schema_migrations; Type: TABLE DATA; Schema: public; Owner: Dan
--

COPY public.schema_migrations (version) FROM stdin;
20200529152228
20200529152726
20200529153355
20200529174305
\.


--
-- Name: products_id_seq; Type: SEQUENCE SET; Schema: public; Owner: Dan
--

SELECT pg_catalog.setval('public.products_id_seq', 61, true);


--
-- Name: reviews_id_seq; Type: SEQUENCE SET; Schema: public; Owner: Dan
--

SELECT pg_catalog.setval('public.reviews_id_seq', 252, true);


--
-- Name: ar_internal_metadata ar_internal_metadata_pkey; Type: CONSTRAINT; Schema: public; Owner: Dan
--

ALTER TABLE ONLY public.ar_internal_metadata
    ADD CONSTRAINT ar_internal_metadata_pkey PRIMARY KEY (key);


--
-- Name: products products_pkey; Type: CONSTRAINT; Schema: public; Owner: Dan
--

ALTER TABLE ONLY public.products
    ADD CONSTRAINT products_pkey PRIMARY KEY (id);


--
-- Name: reviews reviews_pkey; Type: CONSTRAINT; Schema: public; Owner: Dan
--

ALTER TABLE ONLY public.reviews
    ADD CONSTRAINT reviews_pkey PRIMARY KEY (id);


--
-- Name: schema_migrations schema_migrations_pkey; Type: CONSTRAINT; Schema: public; Owner: Dan
--

ALTER TABLE ONLY public.schema_migrations
    ADD CONSTRAINT schema_migrations_pkey PRIMARY KEY (version);


--
-- Name: reviews fk_rails_bedd9094d4; Type: FK CONSTRAINT; Schema: public; Owner: Dan
--

ALTER TABLE ONLY public.reviews
    ADD CONSTRAINT fk_rails_bedd9094d4 FOREIGN KEY (product_id) REFERENCES public.products(id);


--
-- PostgreSQL database dump complete
--

